league,event_id,polymarket_event_id,event_date,home_team,away_team,updated_at,1x2_home,1x2_draw,1x2_away,btts_yes,btts_no,over_15,under_15,over_25,under_25,over_35,under_35,over_45,under_45,exact_scores_json
brasileirao_serie_a_2026,7373,734405,2026-12-02 18:00:00,Vasco da Gama,Vitória,2026-09-27 18:57:09,,,,,,,,,,,,,,
brasileirao_serie_a_2026,7372,463194,2026-12-02 18:00:00,Santos,Botafogo,2026-05-18 04:30:16,,,,,,,,,,,,,,"{""0-3"": 1.0, ""Any Other Score"": 0.0005}"
brasileirao_serie_a_2026,7371,872331,2026-12-02 18:00:00,Remo,Corinthians,2026-09-27 18:57:09,,,,,,,,,,,,,,
brasileirao_serie_a_2026,7368,978054,2026-12-02 18:00:00,Grêmio,Mirassol,2026-09-21 16:27:10,,,,,,,,,,,,,,
brasileirao_serie_a_2026,7367,975771,2026-12-02 18:00:00,Flamengo,Chapecoense,2026-09-20 08:27:09,,,,0.0,1.0,0.0,1.0,0.0,1.0,0.0,1.0,0.0,1.0,
brasileirao_serie_a_2026,7366,350115,2026-12-02 18:00:00,Cruzeiro,Internacional,2026-05-03 04:30:19,0.0005,0.0005,0.9995,0.9995,0.0005,0.9995,0.0005,0.9995,0.0005,0.9995,0.0005,0.0005,0.9995,
brasileirao_serie_a_2026,7365,867102,2026-12-02 18:00:00,Bahia,Atlético Mineiro,2026-08-31 07:57:08,0.9995,0.0,0.0,,,,,,,,,,,
brasileirao_serie_a_2026,7363,328733,2026-11-29 18:00:00,Vitória,Santos,2026-04-26 01:30:13,0.0005,0.9995,0.0005,0.9995,0.0005,1.0,0.0,0.9995,0.0005,0.9995,0.0005,0.0005,0.9995,
brasileirao_serie_a_2026,7360,1126684,2026-11-29 18:00:00,Internacional,Red Bull Bragantino,2026-10-08 04:57:14,,,,,,,,,,,,,,
brasileirao_serie_a_2026,7359,328767,2026-11-29 18:00:00,Fluminense,Cruzeiro,2026-04-13 17:00:11,0.0005,0.0005,0.9995,0.9995,0.0005,0.9995,0.0005,0.9995,0.0005,0.0005,0.9995,0.0005,0.9995,
brasileirao_serie_a_2026,7358,823661,2026-11-29 18:00:00,Coritiba,Flamengo,2026-09-27 18:57:09,,,,,,,,,,,,,,
brasileirao_serie_a_2026,7357,463092,2026-11-29 18:00:00,Corinthians,Grêmio,2026-05-11 04:00:18,,,,,,,,,,,,,,"{""0-0"": 0.0005, ""0-1"": 0.0005, ""0-2"": 0.0005, ""0-3"": 0.0005, ""1-0"": 0.0005, ""1-1"": 0.0005, ""1-2"": 0.0005, ""1-3"": 0.0005, ""2-0"": 0.0005, ""2-1"": 0.0005, ""2-2"": 0.0005, ""2-3"": 0.0005, ""3-0"": 0.0005, ""3-1"": 0.0005, ""3-2"": 0.9995, ""3-3"": 0.0005, ""Any Other Score"": 0.0005}"
brasileirao_serie_a_2026,7356,1108397,2026-11-29 18:00:00,Chapecoense,Palmeiras,2026-10-08 04:57:15,0.27,0.275,0.46,0.41,0.59,0.495,0.505,0.495,0.505,0.495,0.505,0.48,0.52,"{""Any Other Score"": 0.375, ""Associação Chapecoense de Futebol 0 - 0 CA Paranaense"": 0.375, ""Associação Chapecoense de Futebol 0 - 1 CA Paranaense"": 0.375, ""Associação Chapecoense de Futebol 0 - 2 CA Paranaense"": 0.375, ""Associação Chapecoense de Futebol 0 - 3 CA Paranaense"": 0.375, ""Associação Chapecoense de Futebol 0 - 4 CA Paranaense"": 0.375, ""Associação Chapecoense de Futebol 0 - 5 CA Paranaense"": 0.375, ""Associação Chapecoense de Futebol 1 - 0 CA Paranaense"": 0.375, ""Associação Chapecoense de Futebol 1 - 1 CA Paranaense"": 0.135, ""Associação Chapecoense de Futebol 1 - 2 CA Paranaense"": 0.375, ""Associação Chapecoense de Futebol 1 - 3 CA Paranaense"": 0.375, ""Associação Chapecoense de Futebol 1 - 4 CA Paranaense"": 0.375, ""Associação Chapecoense de Futebol 1 - 5 CA Paranaense"": 0.375, ""Associação Chapecoense de Futebol 2 - 0 CA Paranaense"": 0.375, ""Associação Chapecoense de Futebol 2 - 1 CA Paranaense"": 0.375, ""Associação Chapecoense de Futebol 2 - 2 CA Paranaense"": 0.065, ""Associação Chapecoense de Futebol 2 - 3 CA Paranaense"": 0.375, ""Associação Chapecoense de Futebol 2 - 4 CA Paranaense"": 0.375, ""Associação Chapecoense de Futebol 2 - 5 CA Paranaense"": 0.375, ""Associação Chapecoense de Futebol 3 - 0 CA Paranaense"": 0.05, ""Associação Chapecoense de Futebol 3 - 1 CA Paranaense"": 0.05, ""Associação Chapecoense de Futebol 3 - 2 CA Paranaense"": 0.05, ""Associação Chapecoense de Futebol 3 - 3 CA Paranaense"": 0.05, ""Associação Chapecoense de Futebol 3 - 4 CA Paranaense"": 0.375, ""Associação Chapecoense de Futebol 3 - 5 CA Paranaense"": 0.375, ""Associação Chapecoense de Futebol 4 - 0 CA Paranaense"": 0.375, ""Associação Chapecoense de Futebol 4 - 1 CA Paranaense"": 0.375, ""Associação Chapecoense de Futebol 4 - 2 CA Paranaense"": 0.05, ""Associação Chapecoense de Futebol 4 - 3 CA Paranaense"": 0.375, ""Associação Chapecoense de Futebol 4 - 4 CA Paranaense"": 0.035, ""Associação Chapecoense de Futebol 4 - 5 CA Paranaense"": 0.375, ""Associação Chapecoense de Futebol 5 - 0 CA Paranaense"": 0.375, ""Associação Chapecoense de Futebol 5 - 1 CA Paranaense"": 0.375, ""Associação Chapecoense de Futebol 5 - 2 CA Paranaense"": 0.045, ""Associação Chapecoense de Futebol 5 - 3 CA Paranaense"": 0.375, ""Associação Chapecoense de Futebol 5 - 4 CA Paranaense"": 0.375, ""Associação Chapecoense de Futebol 5 - 5 CA Paranaense"": 0.04}"
brasileirao_serie_a_2026,7355,1150830,2026-11-29 18:00:00,Botafogo,Bahia,2026-10-08 04:57:14,,,,,,,,,,,,,,
brasileirao_serie_a_2026,7354,463153,2026-11-29 18:00:00,Atlético Mineiro,Vasco da Gama,2026-05-17 03:00:24,,,,,,,,,,,,,,"{""0-0"": 0.0005, ""0-1"": 0.0005, ""0-2"": 0.0005, ""0-3"": 0.0005, ""1-0"": 0.0005, ""1-1"": 0.0005, ""1-2"": 0.0005, ""1-3"": 0.0005, ""2-0"": 0.0005, ""2-1"": 0.0005, ""2-2"": 0.0005, ""2-3"": 0.0005, ""3-0"": 0.0005, ""3-1"": 0.0005, ""3-2"": 0.0005, ""3-3"": 0.0005, ""Any Other Score"": 0.9995}"
brasileirao_serie_a_2026,7351,792594,2026-11-22 18:00:00,Palmeiras,Flamengo,2026-08-17 18:57:07,,,,,,,,,,,,,,
brasileirao_serie_a_2026,7350,474696,2026-11-22 18:00:00,Internacional,Vitória,2026-05-25 21:30:18,,,,,,,,,,,,,,
brasileirao_serie_a_2026,7349,792648,2026-11-22 18:00:00,Fluminense,Mirassol,2026-08-17 18:57:07,,,,,,,,,,,,,,
brasileirao_serie_a_2026,7348,949323,2026-11-22 18:00:00,Chapecoense,Cruzeiro,2026-09-13 02:27:11,,,,,,,,,,,,,,
brasileirao_serie_a_2026,7347,964078,2026-11-22 18:00:00,Botafogo,São Paulo,2026-09-17 03:57:07,,,,1.0,0.0,0.0,1.0,1.0,0.0,1.0,0.0,1.0,0.0,
brasileirao_serie_a_2026,7346,346613,2026-11-22 18:00:00,Bahia,Coritiba,2026-05-03 02:00:29,0.9995,0.0005,0.0005,0.9995,0.0005,0.9995,0.0005,0.9995,0.0005,0.9995,0.0005,0.9995,0.0005,
brasileirao_serie_a_2026,7345,1150546,2026-11-22 18:00:00,Atlético Mineiro,Corinthians,2026-10-08 04:57:14,,,,,,,,,,,,,,
brasileirao_serie_a_2026,7342,734424,2026-11-18 18:00:00,Vasco da Gama,Internacional,2026-08-03 18:57:10,,,,,,,,,,,,,,
brasileirao_serie_a_2026,7341,734407,2026-11-18 18:00:00,São Paulo,Fluminense,2026-09-27 18:57:09,,,,,,,,,,,,,,
brasileirao_serie_a_2026,7340,1150697,2026-11-18 18:00:00,Remo,Chapecoense,2026-10-08 04:57:14,,,,,,,,,,,,,,
brasileirao_serie_a_2026,7336,1150964,2026-11-18 18:00:00,Cruzeiro,Palmeiras,2026-10-08 04:57:14,,,,,,,,,,,,,,
brasileirao_serie_a_2026,7335,463301,2026-11-18 18:00:00,Coritiba,Santos,2026-05-24 03:00:21,,,,1.0,0.0,1.0,0.0,1.0,0.0,1.0,0.0,1.0,0.0,"{""0-0"": 0.0005, ""2-1"": 0.0005, ""3-0"": 0.0005, ""3-2"": 1.0, ""3-3"": 0.0005}"
brasileirao_serie_a_2026,7334,463264,2026-11-18 18:00:00,Corinthians,Botafogo,2026-05-24 00:30:23,,,,,,,,,,,,,,
brasileirao_serie_a_2026,7330,949317,2026-11-05 22:30:00,Palmeiras,Remo,2026-09-15 03:27:09,,,,,,,,,,,,,,
brasileirao_serie_a_2026,7332,1121400,2026-11-05 00:30:00,São Paulo,Corinthians,2026-10-03 22:27:13,,,,,,,,,,,,,,
brasileirao_serie_a_2026,7325,328732,2026-11-05 00:30:00,Botafogo,Atlético Mineiro,2026-04-26 01:30:13,0.0005,0.9995,0.0005,1.0,0.0,1.0,0.0,1.0,0.0,0.9995,0.0005,0.0005,0.9995,
brasileirao_serie_a_2026,7328,792639,2026-11-04 22:30:00,Flamengo,Grêmio,2026-08-17 18:57:07,,,,,,,,,,,,,,
brasileirao_serie_a_2026,7326,463359,2026-11-03 22:30:00,Chapecoense,Mirassol,2026-05-31 09:30:15,0.9995,0.0005,0.0005,,,,,,,,,,,"{""0-0"": 0.0005, ""0-1"": 0.0005, ""0-2"": 0.0005, ""0-3"": 0.0005, ""1-0"": 0.9995, ""1-1"": 0.0005, ""1-2"": 0.0005, ""1-3"": 0.0005, ""2-0"": 0.0005, ""2-1"": 0.0005, ""2-2"": 0.0005, ""2-3"": 0.0005, ""3-0"": 0.0005, ""3-1"": 0.0005, ""3-2"": 0.0005, ""3-3"": 0.0005, ""Any Other Score"": 0.0005}"
brasileirao_serie_a_2026,7316,328758,2026-10-30 23:00:00,Corinthians,Mirassol,2026-04-13 01:30:12,0.0005,0.9995,0.0005,0.0005,0.9995,0.0005,0.9995,0.0005,0.9995,0.0005,0.9995,0.0005,0.9995,
brasileirao_serie_a_2026,7323,792604,2026-10-29 23:00:00,Vasco da Gama,Flamengo,2026-08-16 23:57:10,,,,,,,,,,,,,,
brasileirao_serie_a_2026,7317,463350,2026-10-29 22:30:00,Coritiba,Vitória,2026-05-26 03:30:12,,,,,,,,,,,,,,
brasileirao_serie_a_2026,7314,978052,2026-10-29 22:30:00,Atlético Mineiro,Cruzeiro,2026-09-21 01:27:11,,,,,,,,,,,,,,
brasileirao_serie_a_2026,7321,1150576,2026-10-29 00:30:00,Remo,Botafogo,2026-10-08 04:57:14,,,,,,,,,,,,,,
brasileirao_serie_a_2026,7315,953294,2026-10-29 00:30:00,Bahia,São Paulo,2026-09-13 01:57:14,,,,0.0045,0.9955,0.0045,0.9955,0.0045,0.9955,0.0005,0.9995,0.0005,0.9995,
brasileirao_serie_a_2026,7322,772188,2026-10-28 22:30:00,Santos,Palmeiras,2026-08-09 18:57:05,,,,0.26,0.74,0.135,0.865,0.17,0.83,0.235,0.765,0.105,0.895,"{""Any Other Score"": 0.045, ""Santos FC 0 - 0 CA Paranaense"": 0.09, ""Santos FC 0 - 1 CA Paranaense"": 0.075, ""Santos FC 0 - 2 CA Paranaense"": 0.0405, ""Santos FC 0 - 3 CA Paranaense"": 0.0105, ""Santos FC 1 - 0 CA Paranaense"": 0.125, ""Santos FC 1 - 1 CA Paranaense"": 0.145, ""Santos FC 1 - 2 CA Paranaense"": 0.065, ""Santos FC 1 - 3 CA Paranaense"": 0.02, ""Santos FC 2 - 0 CA Paranaense"": 0.08, ""Santos FC 2 - 1 CA Paranaense"": 0.09, ""Santos FC 2 - 2 CA Paranaense"": 0.0535, ""Santos FC 2 - 3 CA Paranaense"": 0.018, ""Santos FC 3 - 0 CA Paranaense"": 0.0335, ""Santos FC 3 - 1 CA Paranaense"": 0.0365, ""Santos FC 3 - 2 CA Paranaense"": 0.023, ""Santos FC 3 - 3 CA Paranaense"": 0.0105}"
brasileirao_serie_a_2026,7305,361061,2026-10-26 22:30:00,Coritiba,Grêmio,2026-04-09 15:56:29,,,,0.505,0.495,0.5,0.5,0.5,0.5,0.5,0.5,0.5,0.5,
brasileirao_serie_a_2026,7311,463398,2026-10-25 00:00:00,Santos,Bahia,2026-05-31 14:00:22,0.9995,0.0,0.0,,,,,,,,,,,"{""0-0"": 0.0005, ""0-1"": 0.0005, ""0-2"": 0.0005, ""0-3"": 0.0005, ""1-0"": 0.0005, ""1-1"": 0.0005, ""1-2"": 0.0005, ""1-3"": 0.0005, ""2-0"": 0.0005, ""2-1"": 0.0005, ""2-2"": 0.0005, ""2-3"": 0.0005, ""3-0"": 0.0005, ""3-1"": 0.9995, ""3-2"": 0.0005, ""3-3"": 0.0005, ""Any Other Score"": 0.0005}"
brasileirao_serie_a_2026,7304,867268,2026-10-24 22:30:00,Chapecoense,Fluminense,2026-08-30 18:27:11,,,,,,,,,,,,,,
brasileirao_serie_a_2026,7312,978056,2026-10-24 21:30:00,Vasco da Gama,Corinthians,2026-09-27 19:27:11,,,,,,,,,,,,,,
brasileirao_serie_a_2026,7310,867270,2026-10-24 21:30:00,Palmeiras,Red Bull Bragantino,2026-08-30 04:57:09,,,,,,,,,,,,,,
brasileirao_serie_a_2026,7309,867116,2026-10-24 19:30:00,Mirassol,São Paulo,2026-08-31 07:27:08,0.0,0.9995,0.0,,,,,,,,,,,"{""Mirassol FC 1 - 1 SE Palmeiras"": 0.9995}"
brasileirao_serie_a_2026,7308,982571,2026-10-24 19:30:00,Internacional,Botafogo,2026-09-20 00:57:14,0.9995,0.0005,0.0005,0.0045,0.9955,0.0045,0.9955,0.0045,0.9955,0.0045,0.9955,0.0045,0.9955,"{""Any Other Score"": 0.005, ""Mirassol FC 0 - 0 Botafogo FR"": 0.0005, ""Mirassol FC 0 - 1 Botafogo FR"": 0.0005, ""Mirassol FC 0 - 2 Botafogo FR"": 0.0005, ""Mirassol FC 0 - 3 Botafogo FR"": 0.0005, ""Mirassol FC 1 - 0 Botafogo FR"": 0.0005, ""Mirassol FC 1 - 1 Botafogo FR"": 0.0005, ""Mirassol FC 1 - 2 Botafogo FR"": 0.0005, ""Mirassol FC 1 - 3 Botafogo FR"": 0.0005, ""Mirassol FC 2 - 0 Botafogo FR"": 0.9995, ""Mirassol FC 2 - 1 Botafogo FR"": 0.0005, ""Mirassol FC 2 - 2 Botafogo FR"": 0.0005, ""Mirassol FC 2 - 3 Botafogo FR"": 0.0005, ""Mirassol FC 3 - 0 Botafogo FR"": 0.0005, ""Mirassol FC 3 - 1 Botafogo FR"": 0.0005, ""Mirassol FC 3 - 2 Botafogo FR"": 0.0005, ""Mirassol FC 3 - 3 Botafogo FR"": 0.0005}"
brasileirao_serie_a_2026,7298,1148101,2026-10-19 23:00:00,Corinthians,Vitória,2026-10-08 04:57:14,0.485,0.265,0.275,0.385,0.615,0.5,0.5,0.495,0.505,0.495,0.505,0.495,0.505,"{""Any Other Score"": 0.375, ""SC Corinthians Paulista 0 - 0 EC Vitória"": 0.375, ""SC Corinthians Paulista 0 - 1 EC Vitória"": 0.375, ""SC Corinthians Paulista 0 - 2 EC Vitória"": 0.375, ""SC Corinthians Paulista 0 - 3 EC Vitória"": 0.375, ""SC Corinthians Paulista 0 - 4 EC Vitória"": 0.375, ""SC Corinthians Paulista 0 - 5 EC Vitória"": 0.375, ""SC Corinthians Paulista 1 - 0 EC Vitória"": 0.375, ""SC Corinthians Paulista 1 - 1 EC Vitória"": 0.375, ""SC Corinthians Paulista 1 - 2 EC Vitória"": 0.375, ""SC Corinthians Paulista 1 - 3 EC Vitória"": 0.375, ""SC Corinthians Paulista 1 - 4 EC Vitória"": 0.375, ""SC Corinthians Paulista 1 - 5 EC Vitória"": 0.375, ""SC Corinthians Paulista 2 - 0 EC Vitória"": 0.375, ""SC Corinthians Paulista 2 - 1 EC Vitória"": 0.375, ""SC Corinthians Paulista 2 - 2 EC Vitória"": 0.085, ""SC Corinthians Paulista 2 - 3 EC Vitória"": 0.375, ""SC Corinthians Paulista 2 - 4 EC Vitória"": 0.375, ""SC Corinthians Paulista 2 - 5 EC Vitória"": 0.375, ""SC Corinthians Paulista 3 - 0 EC Vitória"": 0.375, ""SC Corinthians Paulista 3 - 1 EC Vitória"": 0.375, ""SC Corinthians Paulista 3 - 2 EC Vitória"": 0.375, ""SC Corinthians Paulista 3 - 3 EC Vitória"": 0.07, ""SC Corinthians Paulista 3 - 4 EC Vitória"": 0.375, ""SC Corinthians Paulista 3 - 5 EC Vitória"": 0.375, ""SC Corinthians Paulista 4 - 0 EC Vitória"": 0.375, ""SC Corinthians Paulista 4 - 1 EC Vitória"": 0.375, ""SC Corinthians Paulista 4 - 2 EC Vitória"": 0.375, ""SC Corinthians Paulista 4 - 3 EC Vitória"": 0.375, ""SC Corinthians Paulista 4 - 4 EC Vitória"": 0.055, ""SC Corinthians Paulista 4 - 5 EC Vitória"": 0.375, ""SC Corinthians Paulista 5 - 0 EC Vitória"": 0.375, ""SC Corinthians Paulista 5 - 1 EC Vitória"": 0.375, ""SC Corinthians Paulista 5 - 2 EC Vitória"": 0.375, ""SC Corinthians Paulista 5 - 3 EC Vitória"": 0.375, ""SC Corinthians Paulista 5 - 4 EC Vitória"": 0.375, ""SC Corinthians Paulista 5 - 5 EC Vitória"": 0.05}"
brasileirao_serie_a_2026,7302,1142734,2026-10-18 22:30:00,Remo,Red Bull Bragantino,2026-10-08 04:57:14,0.365,0.275,0.365,0.415,0.585,0.5,0.5,0.495,0.505,0.495,0.505,0.485,0.515,"{""Any Other Score"": 0.375, ""Clube do Remo 0 - 0 Red Bull Bragantino"": 0.375, ""Clube do Remo 0 - 1 Red Bull Bragantino"": 0.375, ""Clube do Remo 0 - 2 Red Bull Bragantino"": 0.375, ""Clube do Remo 0 - 3 Red Bull Bragantino"": 0.375, ""Clube do Remo 0 - 4 Red Bull Bragantino"": 0.375, ""Clube do Remo 0 - 5 Red Bull Bragantino"": 0.375, ""Clube do Remo 1 - 0 Red Bull Bragantino"": 0.375, ""Clube do Remo 1 - 1 Red Bull Bragantino"": 0.375, ""Clube do Remo 1 - 2 Red Bull Bragantino"": 0.375, ""Clube do Remo 1 - 3 Red Bull Bragantino"": 0.375, ""Clube do Remo 1 - 4 Red Bull Bragantino"": 0.375, ""Clube do Remo 1 - 5 Red Bull Bragantino"": 0.375, ""Clube do Remo 2 - 0 Red Bull Bragantino"": 0.375, ""Clube do Remo 2 - 1 Red Bull Bragantino"": 0.375, ""Clube do Remo 2 - 2 Red Bull Bragantino"": 0.085, ""Clube do Remo 2 - 3 Red Bull Bragantino"": 0.375, ""Clube do Remo 2 - 4 Red Bull Bragantino"": 0.375, ""Clube do Remo 2 - 5 Red Bull Bragantino"": 0.375, ""Clube do Remo 3 - 0 Red Bull Bragantino"": 0.375, ""Clube do Remo 3 - 1 Red Bull Bragantino"": 0.375, ""Clube do Remo 3 - 2 Red Bull Bragantino"": 0.375, ""Clube do Remo 3 - 3 Red Bull Bragantino"": 0.07, ""Clube do Remo 3 - 4 Red Bull Bragantino"": 0.375, ""Clube do Remo 3 - 5 Red Bull Bragantino"": 0.375, ""Clube do Remo 4 - 0 Red Bull Bragantino"": 0.375, ""Clube do Remo 4 - 1 Red Bull Bragantino"": 0.375, ""Clube do Remo 4 - 2 Red Bull Bragantino"": 0.375, ""Clube do Remo 4 - 3 Red Bull Bragantino"": 0.375, ""Clube do Remo 4 - 4 Red Bull Bragantino"": 0.055, ""Clube do Remo 4 - 5 Red Bull Bragantino"": 0.375, ""Clube do Remo 5 - 0 Red Bull Bragantino"": 0.375, ""Clube do Remo 5 - 1 Red Bull Bragantino"": 0.375, ""Clube do Remo 5 - 2 Red Bull Bragantino"": 0.375, ""Clube do Remo 5 - 3 Red Bull Bragantino"": 0.375, ""Clube do Remo 5 - 4 Red Bull Bragantino"": 0.375, ""Clube do Remo 5 - 5 Red Bull Bragantino"": 0.05}"
brasileirao_serie_a_2026,7296,1142738,2026-10-18 21:30:00,Bahia,Flamengo,2026-10-08 04:57:14,0.295,0.265,0.455,0.415,0.585,0.5,0.5,0.495,0.505,0.495,0.505,0.485,0.515,"{""Any Other Score"": 0.375, ""EC Bahia 0 - 0 CR Flamengo"": 0.375, ""EC Bahia 0 - 1 CR Flamengo"": 0.375, ""EC Bahia 0 - 2 CR Flamengo"": 0.375, ""EC Bahia 0 - 3 CR Flamengo"": 0.375, ""EC Bahia 0 - 4 CR Flamengo"": 0.375, ""EC Bahia 0 - 5 CR Flamengo"": 0.375, ""EC Bahia 1 - 0 CR Flamengo"": 0.375, ""EC Bahia 1 - 1 CR Flamengo"": 0.375, ""EC Bahia 1 - 2 CR Flamengo"": 0.375, ""EC Bahia 1 - 3 CR Flamengo"": 0.375, ""EC Bahia 1 - 4 CR Flamengo"": 0.375, ""EC Bahia 1 - 5 CR Flamengo"": 0.375, ""EC Bahia 2 - 0 CR Flamengo"": 0.375, ""EC Bahia 2 - 1 CR Flamengo"": 0.375, ""EC Bahia 2 - 2 CR Flamengo"": 0.085, ""EC Bahia 2 - 3 CR Flamengo"": 0.375, ""EC Bahia 2 - 4 CR Flamengo"": 0.375, ""EC Bahia 2 - 5 CR Flamengo"": 0.375, ""EC Bahia 3 - 0 CR Flamengo"": 0.375, ""EC Bahia 3 - 1 CR Flamengo"": 0.375, ""EC Bahia 3 - 2 CR Flamengo"": 0.375, ""EC Bahia 3 - 3 CR Flamengo"": 0.07, ""EC Bahia 3 - 4 CR Flamengo"": 0.375, ""EC Bahia 3 - 5 CR Flamengo"": 0.375, ""EC Bahia 4 - 0 CR Flamengo"": 0.375, ""EC Bahia 4 - 1 CR Flamengo"": 0.375, ""EC Bahia 4 - 2 CR Flamengo"": 0.375, ""EC Bahia 4 - 3 CR Flamengo"": 0.375, ""EC Bahia 4 - 4 CR Flamengo"": 0.055, ""EC Bahia 4 - 5 CR Flamengo"": 0.375, ""EC Bahia 5 - 0 CR Flamengo"": 0.375, ""EC Bahia 5 - 1 CR Flamengo"": 0.375, ""EC Bahia 5 - 2 CR Flamengo"": 0.375, ""EC Bahia 5 - 3 CR Flamengo"": 0.375, ""EC Bahia 5 - 4 CR Flamengo"": 0.375, ""EC Bahia 5 - 5 CR Flamengo"": 0.05}"
brasileirao_serie_a_2026,7300,1136955,2026-10-18 19:00:00,Grêmio,Cruzeiro,2026-10-08 04:57:14,0.34,0.275,0.39,0.41,0.59,0.5,0.5,0.495,0.505,0.495,0.505,0.48,0.52,"{""Any Other Score"": 0.375, ""Grêmio FBPA 0 - 0 Cruzeiro EC"": 0.375, ""Grêmio FBPA 0 - 1 Cruzeiro EC"": 0.375, ""Grêmio FBPA 0 - 2 Cruzeiro EC"": 0.375, ""Grêmio FBPA 0 - 3 Cruzeiro EC"": 0.375, ""Grêmio FBPA 0 - 4 Cruzeiro EC"": 0.375, ""Grêmio FBPA 0 - 5 Cruzeiro EC"": 0.375, ""Grêmio FBPA 1 - 0 Cruzeiro EC"": 0.375, ""Grêmio FBPA 1 - 1 Cruzeiro EC"": 0.375, ""Grêmio FBPA 1 - 2 Cruzeiro EC"": 0.375, ""Grêmio FBPA 1 - 3 Cruzeiro EC"": 0.375, ""Grêmio FBPA 1 - 4 Cruzeiro EC"": 0.375, ""Grêmio FBPA 1 - 5 Cruzeiro EC"": 0.375, ""Grêmio FBPA 2 - 0 Cruzeiro EC"": 0.375, ""Grêmio FBPA 2 - 1 Cruzeiro EC"": 0.375, ""Grêmio FBPA 2 - 2 Cruzeiro EC"": 0.085, ""Grêmio FBPA 2 - 3 Cruzeiro EC"": 0.375, ""Grêmio FBPA 2 - 4 Cruzeiro EC"": 0.375, ""Grêmio FBPA 2 - 5 Cruzeiro EC"": 0.375, ""Grêmio FBPA 3 - 0 Cruzeiro EC"": 0.375, ""Grêmio FBPA 3 - 1 Cruzeiro EC"": 0.375, ""Grêmio FBPA 3 - 2 Cruzeiro EC"": 0.375, ""Grêmio FBPA 3 - 3 Cruzeiro EC"": 0.07, ""Grêmio FBPA 3 - 4 Cruzeiro EC"": 0.375, ""Grêmio FBPA 3 - 5 Cruzeiro EC"": 0.375, ""Grêmio FBPA 4 - 0 Cruzeiro EC"": 0.375, ""Grêmio FBPA 4 - 1 Cruzeiro EC"": 0.375, ""Grêmio FBPA 4 - 2 Cruzeiro EC"": 0.375, ""Grêmio FBPA 4 - 3 Cruzeiro EC"": 0.375, ""Grêmio FBPA 4 - 4 Cruzeiro EC"": 0.055, ""Grêmio FBPA 4 - 5 Cruzeiro EC"": 0.375, ""Grêmio FBPA 5 - 0 Cruzeiro EC"": 0.375, ""Grêmio FBPA 5 - 1 Cruzeiro EC"": 0.375, ""Grêmio FBPA 5 - 2 Cruzeiro EC"": 0.375, ""Grêmio FBPA 5 - 3 Cruzeiro EC"": 0.375, ""Grêmio FBPA 5 - 4 Cruzeiro EC"": 0.375, ""Grêmio FBPA 5 - 5 Cruzeiro EC"": 0.05}"
brasileirao_serie_a_2026,7299,1136956,2026-10-18 19:00:00,Fluminense,Santos,2026-10-08 04:57:14,0.485,0.255,0.285,0.41,0.59,0.5,0.5,0.495,0.505,0.495,0.505,0.48,0.52,"{""Any Other Score"": 0.375, ""Fluminense FC 0 - 0 Santos FC"": 0.375, ""Fluminense FC 0 - 1 Santos FC"": 0.375, ""Fluminense FC 0 - 2 Santos FC"": 0.375, ""Fluminense FC 0 - 3 Santos FC"": 0.375, ""Fluminense FC 0 - 4 Santos FC"": 0.375, ""Fluminense FC 0 - 5 Santos FC"": 0.375, ""Fluminense FC 1 - 0 Santos FC"": 0.375, ""Fluminense FC 1 - 1 Santos FC"": 0.375, ""Fluminense FC 1 - 2 Santos FC"": 0.375, ""Fluminense FC 1 - 3 Santos FC"": 0.375, ""Fluminense FC 1 - 4 Santos FC"": 0.375, ""Fluminense FC 1 - 5 Santos FC"": 0.375, ""Fluminense FC 2 - 0 Santos FC"": 0.375, ""Fluminense FC 2 - 1 Santos FC"": 0.375, ""Fluminense FC 2 - 2 Santos FC"": 0.085, ""Fluminense FC 2 - 3 Santos FC"": 0.375, ""Fluminense FC 2 - 4 Santos FC"": 0.375, ""Fluminense FC 2 - 5 Santos FC"": 0.375, ""Fluminense FC 3 - 0 Santos FC"": 0.375, ""Fluminense FC 3 - 1 Santos FC"": 0.375, ""Fluminense FC 3 - 2 Santos FC"": 0.375, ""Fluminense FC 3 - 3 Santos FC"": 0.07, ""Fluminense FC 3 - 4 Santos FC"": 0.375, ""Fluminense FC 3 - 5 Santos FC"": 0.375, ""Fluminense FC 4 - 0 Santos FC"": 0.375, ""Fluminense FC 4 - 1 Santos FC"": 0.375, ""Fluminense FC 4 - 2 Santos FC"": 0.375, ""Fluminense FC 4 - 3 Santos FC"": 0.375, ""Fluminense FC 4 - 4 Santos FC"": 0.055, ""Fluminense FC 4 - 5 Santos FC"": 0.375, ""Fluminense FC 5 - 0 Santos FC"": 0.375, ""Fluminense FC 5 - 1 Santos FC"": 0.375, ""Fluminense FC 5 - 2 Santos FC"": 0.375, ""Fluminense FC 5 - 3 Santos FC"": 0.375, ""Fluminense FC 5 - 4 Santos FC"": 0.375, ""Fluminense FC 5 - 5 Santos FC"": 0.05}"
brasileirao_serie_a_2026,7303,1136957,2026-10-18 00:00:00,São Paulo,Vasco da Gama,2026-10-08 04:57:14,0.46,0.29,0.35,0.42,0.58,0.5,0.5,0.495,0.505,0.495,0.505,0.485,0.515,"{""Any Other Score"": 0.375, ""São Paulo FC 0 - 0 CR Vasco da Gama"": 0.375, ""São Paulo FC 0 - 1 CR Vasco da Gama"": 0.375, ""São Paulo FC 0 - 2 CR Vasco da Gama"": 0.375, ""São Paulo FC 0 - 3 CR Vasco da Gama"": 0.375, ""São Paulo FC 0 - 4 CR Vasco da Gama"": 0.375, ""São Paulo FC 0 - 5 CR Vasco da Gama"": 0.375, ""São Paulo FC 1 - 0 CR Vasco da Gama"": 0.375, ""São Paulo FC 1 - 1 CR Vasco da Gama"": 0.375, ""São Paulo FC 1 - 2 CR Vasco da Gama"": 0.375, ""São Paulo FC 1 - 3 CR Vasco da Gama"": 0.375, ""São Paulo FC 1 - 4 CR Vasco da Gama"": 0.375, ""São Paulo FC 1 - 5 CR Vasco da Gama"": 0.375, ""São Paulo FC 2 - 0 CR Vasco da Gama"": 0.375, ""São Paulo FC 2 - 1 CR Vasco da Gama"": 0.375, ""São Paulo FC 2 - 2 CR Vasco da Gama"": 0.085, ""São Paulo FC 2 - 3 CR Vasco da Gama"": 0.375, ""São Paulo FC 2 - 4 CR Vasco da Gama"": 0.375, ""São Paulo FC 2 - 5 CR Vasco da Gama"": 0.375, ""São Paulo FC 3 - 0 CR Vasco da Gama"": 0.375, ""São Paulo FC 3 - 1 CR Vasco da Gama"": 0.375, ""São Paulo FC 3 - 2 CR Vasco da Gama"": 0.375, ""São Paulo FC 3 - 3 CR Vasco da Gama"": 0.07, ""São Paulo FC 3 - 4 CR Vasco da Gama"": 0.375, ""São Paulo FC 3 - 5 CR Vasco da Gama"": 0.375, ""São Paulo FC 4 - 0 CR Vasco da Gama"": 0.375, ""São Paulo FC 4 - 1 CR Vasco da Gama"": 0.375, ""São Paulo FC 4 - 2 CR Vasco da Gama"": 0.375, ""São Paulo FC 4 - 3 CR Vasco da Gama"": 0.375, ""São Paulo FC 4 - 4 CR Vasco da Gama"": 0.055, ""São Paulo FC 4 - 5 CR Vasco da Gama"": 0.375, ""São Paulo FC 5 - 0 CR Vasco da Gama"": 0.375, ""São Paulo FC 5 - 1 CR Vasco da Gama"": 0.375, ""São Paulo FC 5 - 2 CR Vasco da Gama"": 0.375, ""São Paulo FC 5 - 3 CR Vasco da Gama"": 0.375, ""São Paulo FC 5 - 4 CR Vasco da Gama"": 0.375, ""São Paulo FC 5 - 5 CR Vasco da Gama"": 0.05}"
brasileirao_serie_a_2026,7295,1136959,2026-10-17 21:30:00,Atlético Mineiro,Coritiba,2026-10-08 04:57:14,0.56,0.26,0.255,0.41,0.59,0.5,0.5,0.495,0.505,0.495,0.505,0.48,0.52,"{""Any Other Score"": 0.375, ""CA Mineiro 0 - 0 Coritiba FBC"": 0.375, ""CA Mineiro 0 - 1 Coritiba FBC"": 0.375, ""CA Mineiro 0 - 2 Coritiba FBC"": 0.375, ""CA Mineiro 0 - 3 Coritiba FBC"": 0.375, ""CA Mineiro 0 - 4 Coritiba FBC"": 0.375, ""CA Mineiro 0 - 5 Coritiba FBC"": 0.375, ""CA Mineiro 1 - 0 Coritiba FBC"": 0.375, ""CA Mineiro 1 - 1 Coritiba FBC"": 0.375, ""CA Mineiro 1 - 2 Coritiba FBC"": 0.375, ""CA Mineiro 1 - 3 Coritiba FBC"": 0.375, ""CA Mineiro 1 - 4 Coritiba FBC"": 0.375, ""CA Mineiro 1 - 5 Coritiba FBC"": 0.375, ""CA Mineiro 2 - 0 Coritiba FBC"": 0.375, ""CA Mineiro 2 - 1 Coritiba FBC"": 0.375, ""CA Mineiro 2 - 2 Coritiba FBC"": 0.085, ""CA Mineiro 2 - 3 Coritiba FBC"": 0.375, ""CA Mineiro 2 - 4 Coritiba FBC"": 0.375, ""CA Mineiro 2 - 5 Coritiba FBC"": 0.375, ""CA Mineiro 3 - 0 Coritiba FBC"": 0.375, ""CA Mineiro 3 - 1 Coritiba FBC"": 0.375, ""CA Mineiro 3 - 2 Coritiba FBC"": 0.375, ""CA Mineiro 3 - 3 Coritiba FBC"": 0.07, ""CA Mineiro 3 - 4 Coritiba FBC"": 0.375, ""CA Mineiro 3 - 5 Coritiba FBC"": 0.375, ""CA Mineiro 4 - 0 Coritiba FBC"": 0.375, ""CA Mineiro 4 - 1 Coritiba FBC"": 0.375, ""CA Mineiro 4 - 2 Coritiba FBC"": 0.375, ""CA Mineiro 4 - 3 Coritiba FBC"": 0.375, ""CA Mineiro 4 - 4 Coritiba FBC"": 0.055, ""CA Mineiro 4 - 5 Coritiba FBC"": 0.375, ""CA Mineiro 5 - 0 Coritiba FBC"": 0.375, ""CA Mineiro 5 - 1 Coritiba FBC"": 0.375, ""CA Mineiro 5 - 2 Coritiba FBC"": 0.375, ""CA Mineiro 5 - 3 Coritiba FBC"": 0.375, ""CA Mineiro 5 - 4 Coritiba FBC"": 0.375, ""CA Mineiro 5 - 5 Coritiba FBC"": 0.05}"
brasileirao_serie_a_2026,7297,1136960,2026-10-17 21:00:00,Botafogo,Chapecoense,2026-10-08 04:57:14,0.635,0.23,0.195,0.41,0.59,0.5,0.5,0.495,0.505,0.495,0.505,0.48,0.52,"{""Any Other Score"": 0.375, ""Botafogo FR 0 - 0 Associação Chapecoense de Futebol"": 0.375, ""Botafogo FR 0 - 1 Associação Chapecoense de Futebol"": 0.375, ""Botafogo FR 0 - 2 Associação Chapecoense de Futebol"": 0.375, ""Botafogo FR 0 - 3 Associação Chapecoense de Futebol"": 0.375, ""Botafogo FR 0 - 4 Associação Chapecoense de Futebol"": 0.375, ""Botafogo FR 0 - 5 Associação Chapecoense de Futebol"": 0.375, ""Botafogo FR 1 - 0 Associação Chapecoense de Futebol"": 0.375, ""Botafogo FR 1 - 1 Associação Chapecoense de Futebol"": 0.155, ""Botafogo FR 1 - 2 Associação Chapecoense de Futebol"": 0.375, ""Botafogo FR 1 - 3 Associação Chapecoense de Futebol"": 0.375, ""Botafogo FR 1 - 4 Associação Chapecoense de Futebol"": 0.375, ""Botafogo FR 1 - 5 Associação Chapecoense de Futebol"": 0.375, ""Botafogo FR 2 - 0 Associação Chapecoense de Futebol"": 0.375, ""Botafogo FR 2 - 1 Associação Chapecoense de Futebol"": 0.375, ""Botafogo FR 2 - 2 Associação Chapecoense de Futebol"": 0.085, ""Botafogo FR 2 - 3 Associação Chapecoense de Futebol"": 0.375, ""Botafogo FR 2 - 4 Associação Chapecoense de Futebol"": 0.375, ""Botafogo FR 2 - 5 Associação Chapecoense de Futebol"": 0.055, ""Botafogo FR 3 - 0 Associação Chapecoense de Futebol"": 0.375, ""Botafogo FR 3 - 1 Associação Chapecoense de Futebol"": 0.375, ""Botafogo FR 3 - 2 Associação Chapecoense de Futebol"": 0.375, ""Botafogo FR 3 - 3 Associação Chapecoense de Futebol"": 0.07, ""Botafogo FR 3 - 4 Associação Chapecoense de Futebol"": 0.375, ""Botafogo FR 3 - 5 Associação Chapecoense de Futebol"": 0.375, ""Botafogo FR 4 - 0 Associação Chapecoense de Futebol"": 0.375, ""Botafogo FR 4 - 1 Associação Chapecoense de Futebol"": 0.375, ""Botafogo FR 4 - 2 Associação Chapecoense de Futebol"": 0.375, ""Botafogo FR 4 - 3 Associação Chapecoense de Futebol"": 0.375, ""Botafogo FR 4 - 4 Associação Chapecoense de Futebol"": 0.055, ""Botafogo FR 4 - 5 Associação Chapecoense de Futebol"": 0.375, ""Botafogo FR 5 - 0 Associação Chapecoense de Futebol"": 0.375, ""Botafogo FR 5 - 1 Associação Chapecoense de Futebol"": 0.375, ""Botafogo FR 5 - 2 Associação Chapecoense de Futebol"": 0.375, ""Botafogo FR 5 - 3 Associação Chapecoense de Futebol"": 0.375, ""Botafogo FR 5 - 4 Associação Chapecoense de Futebol"": 0.375, ""Botafogo FR 5 - 5 Associação Chapecoense de Futebol"": 0.05}"
brasileirao_serie_a_2026,7301,1130574,2026-10-16 23:00:00,Mirassol,Internacional,2026-10-08 04:57:14,0.46,0.27,0.355,0.41,0.59,0.5,0.5,0.495,0.505,0.495,0.505,0.48,0.52,"{""Any Other Score"": 0.375, ""Mirassol FC 0 - 0 SC Internacional"": 0.375, ""Mirassol FC 0 - 1 SC Internacional"": 0.375, ""Mirassol FC 0 - 2 SC Internacional"": 0.375, ""Mirassol FC 0 - 3 SC Internacional"": 0.375, ""Mirassol FC 0 - 4 SC Internacional"": 0.375, ""Mirassol FC 0 - 5 SC Internacional"": 0.375, ""Mirassol FC 1 - 0 SC Internacional"": 0.375, ""Mirassol FC 1 - 1 SC Internacional"": 0.15, ""Mirassol FC 1 - 2 SC Internacional"": 0.375, ""Mirassol FC 1 - 3 SC Internacional"": 0.07, ""Mirassol FC 1 - 4 SC Internacional"": 0.375, ""Mirassol FC 1 - 5 SC Internacional"": 0.375, ""Mirassol FC 2 - 0 SC Internacional"": 0.375, ""Mirassol FC 2 - 1 SC Internacional"": 0.375, ""Mirassol FC 2 - 2 SC Internacional"": 0.085, ""Mirassol FC 2 - 3 SC Internacional"": 0.07, ""Mirassol FC 2 - 4 SC Internacional"": 0.07, ""Mirassol FC 2 - 5 SC Internacional"": 0.055, ""Mirassol FC 3 - 0 SC Internacional"": 0.375, ""Mirassol FC 3 - 1 SC Internacional"": 0.375, ""Mirassol FC 3 - 2 SC Internacional"": 0.375, ""Mirassol FC 3 - 3 SC Internacional"": 0.07, ""Mirassol FC 3 - 4 SC Internacional"": 0.375, ""Mirassol FC 3 - 5 SC Internacional"": 0.375, ""Mirassol FC 4 - 0 SC Internacional"": 0.375, ""Mirassol FC 4 - 1 SC Internacional"": 0.375, ""Mirassol FC 4 - 2 SC Internacional"": 0.375, ""Mirassol FC 4 - 3 SC Internacional"": 0.375, ""Mirassol FC 4 - 4 SC Internacional"": 0.055, ""Mirassol FC 4 - 5 SC Internacional"": 0.375, ""Mirassol FC 5 - 0 SC Internacional"": 0.375, ""Mirassol FC 5 - 1 SC Internacional"": 0.375, ""Mirassol FC 5 - 2 SC Internacional"": 0.375, ""Mirassol FC 5 - 3 SC Internacional"": 0.375, ""Mirassol FC 5 - 4 SC Internacional"": 0.375, ""Mirassol FC 5 - 5 SC Internacional"": 0.05}"
brasileirao_serie_a_2026,7291,1108396,2026-10-13 00:00:00,Red Bull Bragantino,Cruzeiro,2026-10-08 04:57:15,0.485,0.26,0.255,0.405,0.595,0.5,0.5,0.495,0.505,0.495,0.505,0.455,0.545,"{""Any Other Score"": 0.375, ""Red Bull Bragantino 0 - 0 Cruzeiro EC"": 0.375, ""Red Bull Bragantino 0 - 1 Cruzeiro EC"": 0.375, ""Red Bull Bragantino 0 - 2 Cruzeiro EC"": 0.375, ""Red Bull Bragantino 0 - 3 Cruzeiro EC"": 0.375, ""Red Bull Bragantino 0 - 4 Cruzeiro EC"": 0.375, ""Red Bull Bragantino 0 - 5 Cruzeiro EC"": 0.375, ""Red Bull Bragantino 1 - 0 Cruzeiro EC"": 0.375, ""Red Bull Bragantino 1 - 1 Cruzeiro EC"": 0.14, ""Red Bull Bragantino 1 - 2 Cruzeiro EC"": 0.375, ""Red Bull Bragantino 1 - 3 Cruzeiro EC"": 0.05, ""Red Bull Bragantino 1 - 4 Cruzeiro EC"": 0.375, ""Red Bull Bragantino 1 - 5 Cruzeiro EC"": 0.375, ""Red Bull Bragantino 2 - 0 Cruzeiro EC"": 0.375, ""Red Bull Bragantino 2 - 1 Cruzeiro EC"": 0.375, ""Red Bull Bragantino 2 - 2 Cruzeiro EC"": 0.065, ""Red Bull Bragantino 2 - 3 Cruzeiro EC"": 0.05, ""Red Bull Bragantino 2 - 4 Cruzeiro EC"": 0.05, ""Red Bull Bragantino 2 - 5 Cruzeiro EC"": 0.055, ""Red Bull Bragantino 3 - 0 Cruzeiro EC"": 0.375, ""Red Bull Bragantino 3 - 1 Cruzeiro EC"": 0.375, ""Red Bull Bragantino 3 - 2 Cruzeiro EC"": 0.375, ""Red Bull Bragantino 3 - 3 Cruzeiro EC"": 0.05, ""Red Bull Bragantino 3 - 4 Cruzeiro EC"": 0.375, ""Red Bull Bragantino 3 - 5 Cruzeiro EC"": 0.375, ""Red Bull Bragantino 4 - 0 Cruzeiro EC"": 0.375, ""Red Bull Bragantino 4 - 1 Cruzeiro EC"": 0.375, ""Red Bull Bragantino 4 - 2 Cruzeiro EC"": 0.375, ""Red Bull Bragantino 4 - 3 Cruzeiro EC"": 0.375, ""Red Bull Bragantino 4 - 4 Cruzeiro EC"": 0.035, ""Red Bull Bragantino 4 - 5 Cruzeiro EC"": 0.375, ""Red Bull Bragantino 5 - 0 Cruzeiro EC"": 0.375, ""Red Bull Bragantino 5 - 1 Cruzeiro EC"": 0.375, ""Red Bull Bragantino 5 - 2 Cruzeiro EC"": 0.375, ""Red Bull Bragantino 5 - 3 Cruzeiro EC"": 0.375, ""Red Bull Bragantino 5 - 4 Cruzeiro EC"": 0.375, ""Red Bull Bragantino 5 - 5 Cruzeiro EC"": 0.04}"
brasileirao_serie_a_2026,7287,1103235,2026-10-12 19:00:00,Coritiba,Botafogo,2026-10-08 04:57:15,,,,0.42,0.58,0.5,0.5,0.5,0.5,0.5,0.5,0.5,0.5,"{""Any Other Score"": 0.375, ""Coritiba FBC 0 - 0 Botafogo FR"": 0.375, ""Coritiba FBC 0 - 1 Botafogo FR"": 0.375, ""Coritiba FBC 0 - 2 Botafogo FR"": 0.375, ""Coritiba FBC 0 - 3 Botafogo FR"": 0.375, ""Coritiba FBC 0 - 4 Botafogo FR"": 0.375, ""Coritiba FBC 0 - 5 Botafogo FR"": 0.375, ""Coritiba FBC 1 - 0 Botafogo FR"": 0.375, ""Coritiba FBC 1 - 1 Botafogo FR"": 0.135, ""Coritiba FBC 1 - 2 Botafogo FR"": 0.375, ""Coritiba FBC 1 - 3 Botafogo FR"": 0.375, ""Coritiba FBC 1 - 4 Botafogo FR"": 0.375, ""Coritiba FBC 1 - 5 Botafogo FR"": 0.375, ""Coritiba FBC 2 - 0 Botafogo FR"": 0.375, ""Coritiba FBC 2 - 1 Botafogo FR"": 0.375, ""Coritiba FBC 2 - 2 Botafogo FR"": 0.065, ""Coritiba FBC 2 - 3 Botafogo FR"": 0.375, ""Coritiba FBC 2 - 4 Botafogo FR"": 0.07, ""Coritiba FBC 2 - 5 Botafogo FR"": 0.045, ""Coritiba FBC 3 - 0 Botafogo FR"": 0.375, ""Coritiba FBC 3 - 1 Botafogo FR"": 0.375, ""Coritiba FBC 3 - 2 Botafogo FR"": 0.375, ""Coritiba FBC 3 - 3 Botafogo FR"": 0.05, ""Coritiba FBC 3 - 4 Botafogo FR"": 0.375, ""Coritiba FBC 3 - 5 Botafogo FR"": 0.375, ""Coritiba FBC 4 - 0 Botafogo FR"": 0.375, ""Coritiba FBC 4 - 1 Botafogo FR"": 0.375, ""Coritiba FBC 4 - 2 Botafogo FR"": 0.05, ""Coritiba FBC 4 - 3 Botafogo FR"": 0.375, ""Coritiba FBC 4 - 4 Botafogo FR"": 0.035, ""Coritiba FBC 4 - 5 Botafogo FR"": 0.375, ""Coritiba FBC 5 - 0 Botafogo FR"": 0.375, ""Coritiba FBC 5 - 1 Botafogo FR"": 0.375, ""Coritiba FBC 5 - 2 Botafogo FR"": 0.045, ""Coritiba FBC 5 - 3 Botafogo FR"": 0.375, ""Coritiba FBC 5 - 4 Botafogo FR"": 0.375, ""Coritiba FBC 5 - 5 Botafogo FR"": 0.04}"
brasileirao_serie_a_2026,7285,1103236,2026-10-11 22:30:00,Bahia,Mirassol,2026-10-08 04:57:15,,,,0.42,0.58,0.5,0.5,0.495,0.505,0.5,0.5,0.485,0.515,"{""Any Other Score"": 0.375, ""EC Bahia 0 - 0 Mirassol FC"": 0.375, ""EC Bahia 0 - 1 Mirassol FC"": 0.375, ""EC Bahia 0 - 2 Mirassol FC"": 0.375, ""EC Bahia 0 - 3 Mirassol FC"": 0.05, ""EC Bahia 0 - 4 Mirassol FC"": 0.375, ""EC Bahia 0 - 5 Mirassol FC"": 0.375, ""EC Bahia 1 - 0 Mirassol FC"": 0.375, ""EC Bahia 1 - 1 Mirassol FC"": 0.135, ""EC Bahia 1 - 2 Mirassol FC"": 0.375, ""EC Bahia 1 - 3 Mirassol FC"": 0.05, ""EC Bahia 1 - 4 Mirassol FC"": 0.375, ""EC Bahia 1 - 5 Mirassol FC"": 0.375, ""EC Bahia 2 - 0 Mirassol FC"": 0.375, ""EC Bahia 2 - 1 Mirassol FC"": 0.375, ""EC Bahia 2 - 2 Mirassol FC"": 0.065, ""EC Bahia 2 - 3 Mirassol FC"": 0.05, ""EC Bahia 2 - 4 Mirassol FC"": 0.05, ""EC Bahia 2 - 5 Mirassol FC"": 0.045, ""EC Bahia 3 - 0 Mirassol FC"": 0.375, ""EC Bahia 3 - 1 Mirassol FC"": 0.375, ""EC Bahia 3 - 2 Mirassol FC"": 0.375, ""EC Bahia 3 - 3 Mirassol FC"": 0.05, ""EC Bahia 3 - 4 Mirassol FC"": 0.375, ""EC Bahia 3 - 5 Mirassol FC"": 0.375, ""EC Bahia 4 - 0 Mirassol FC"": 0.375, ""EC Bahia 4 - 1 Mirassol FC"": 0.375, ""EC Bahia 4 - 2 Mirassol FC"": 0.375, ""EC Bahia 4 - 3 Mirassol FC"": 0.375, ""EC Bahia 4 - 4 Mirassol FC"": 0.035, ""EC Bahia 4 - 5 Mirassol FC"": 0.375, ""EC Bahia 5 - 0 Mirassol FC"": 0.375, ""EC Bahia 5 - 1 Mirassol FC"": 0.375, ""EC Bahia 5 - 2 Mirassol FC"": 0.375, ""EC Bahia 5 - 3 Mirassol FC"": 0.375, ""EC Bahia 5 - 4 Mirassol FC"": 0.375, ""EC Bahia 5 - 5 Mirassol FC"": 0.04}"
brasileirao_serie_a_2026,7290,1103238,2026-10-11 20:30:00,Palmeiras,Corinthians,2026-10-08 04:57:15,,,,0.41,0.59,0.5,0.5,0.5,0.5,0.5,0.5,0.5,0.5,
brasileirao_serie_a_2026,7289,1103237,2026-10-11 20:30:00,Grêmio,Internacional,2026-10-08 04:57:15,,,,0.42,0.58,0.5,0.5,0.5,0.5,0.5,0.5,0.305,0.695,
brasileirao_serie_a_2026,7288,1103239,2026-10-11 20:30:00,Flamengo,Fluminense,2026-10-08 04:57:15,,,,0.42,0.58,0.5,0.5,0.5,0.5,0.5,0.5,0.48,0.52,
brasileirao_serie_a_2026,7284,1097698,2026-10-11 19:00:00,Atlético Mineiro,Santos,2026-10-05 18:57:08,,,,0.41,0.59,0.5,0.5,0.5,0.5,0.5,0.5,0.5,0.5,"{""Any Other Score"": 0.48, ""CA Mineiro 0 - 0 Santos FC"": 0.485, ""CA Mineiro 0 - 1 Santos FC"": 0.48, ""CA Mineiro 0 - 2 Santos FC"": 0.48, ""CA Mineiro 0 - 3 Santos FC"": 0.045, ""CA Mineiro 0 - 4 Santos FC"": 0.485, ""CA Mineiro 0 - 5 Santos FC"": 0.485, ""CA Mineiro 1 - 0 Santos FC"": 0.48, ""CA Mineiro 1 - 1 Santos FC"": 0.13, ""CA Mineiro 1 - 2 Santos FC"": 0.475, ""CA Mineiro 1 - 3 Santos FC"": 0.045, ""CA Mineiro 1 - 4 Santos FC"": 0.485, ""CA Mineiro 1 - 5 Santos FC"": 0.485, ""CA Mineiro 2 - 0 Santos FC"": 0.475, ""CA Mineiro 2 - 1 Santos FC"": 0.475, ""CA Mineiro 2 - 2 Santos FC"": 0.06, ""CA Mineiro 2 - 3 Santos FC"": 0.045, ""CA Mineiro 2 - 4 Santos FC"": 0.045, ""CA Mineiro 2 - 5 Santos FC"": 0.04, ""CA Mineiro 3 - 0 Santos FC"": 0.245, ""CA Mineiro 3 - 1 Santos FC"": 0.48, ""CA Mineiro 3 - 2 Santos FC"": 0.24, ""CA Mineiro 3 - 3 Santos FC"": 0.045, ""CA Mineiro 3 - 4 Santos FC"": 0.485, ""CA Mineiro 3 - 5 Santos FC"": 0.485, ""CA Mineiro 4 - 0 Santos FC"": 0.48, ""CA Mineiro 4 - 1 Santos FC"": 0.245, ""CA Mineiro 4 - 2 Santos FC"": 0.245, ""CA Mineiro 4 - 3 Santos FC"": 0.34, ""CA Mineiro 4 - 4 Santos FC"": 0.0345, ""CA Mineiro 4 - 5 Santos FC"": 0.485, ""CA Mineiro 5 - 0 Santos FC"": 0.345, ""CA Mineiro 5 - 1 Santos FC"": 0.3, ""CA Mineiro 5 - 2 Santos FC"": 0.475, ""CA Mineiro 5 - 3 Santos FC"": 0.34, ""CA Mineiro 5 - 4 Santos FC"": 0.335, ""CA Mineiro 5 - 5 Santos FC"": 0.04}"
brasileirao_serie_a_2026,7292,1097699,2026-10-11 00:00:00,São Paulo,Vitória,2026-10-05 18:57:08,,,,0.41,0.59,0.5,0.5,0.5,0.5,0.5,0.5,0.5,0.5,
brasileirao_serie_a_2026,7293,1097700,2026-10-10 21:00:00,Vasco da Gama,Remo,2026-10-05 18:57:08,,,,0.405,0.595,0.5,0.5,0.5,0.5,0.5,0.5,0.5,0.5,
brasileirao_serie_a_2026,7279,1085307,2026-10-09 00:30:00,Palmeiras,Bahia,2026-10-04 18:57:11,,,,0.415,0.585,0.5,0.5,0.5,0.5,0.5,0.5,0.495,0.505,"{""Any Other Score"": 0.13, ""SE Palmeiras 0 - 0 EC Bahia"": 0.05, ""SE Palmeiras 0 - 1 EC Bahia"": 0.05, ""SE Palmeiras 0 - 2 EC Bahia"": 0.1665, ""SE Palmeiras 0 - 3 EC Bahia"": 0.0495, ""SE Palmeiras 0 - 4 EC Bahia"": 0.152, ""SE Palmeiras 0 - 5 EC Bahia"": 0.165, ""SE Palmeiras 1 - 0 EC Bahia"": 0.1, ""SE Palmeiras 1 - 1 EC Bahia"": 0.1, ""SE Palmeiras 1 - 2 EC Bahia"": 0.0465, ""SE Palmeiras 1 - 3 EC Bahia"": 0.0545, ""SE Palmeiras 1 - 4 EC Bahia"": 0.191, ""SE Palmeiras 1 - 5 EC Bahia"": 0.18, ""SE Palmeiras 2 - 0 EC Bahia"": 0.1, ""SE Palmeiras 2 - 1 EC Bahia"": 0.1, ""SE Palmeiras 2 - 2 EC Bahia"": 0.05, ""SE Palmeiras 2 - 3 EC Bahia"": 0.055, ""SE Palmeiras 2 - 4 EC Bahia"": 0.0495, ""SE Palmeiras 2 - 5 EC Bahia"": 0.045, ""SE Palmeiras 3 - 0 EC Bahia"": 0.07, ""SE Palmeiras 3 - 1 EC Bahia"": 0.07, ""SE Palmeiras 3 - 2 EC Bahia"": 0.0325, ""SE Palmeiras 3 - 3 EC Bahia"": 0.0495, ""SE Palmeiras 3 - 4 EC Bahia"": 0.1555, ""SE Palmeiras 3 - 5 EC Bahia"": 0.175, ""SE Palmeiras 4 - 0 EC Bahia"": 0.0335, ""SE Palmeiras 4 - 1 EC Bahia"": 0.031, ""SE Palmeiras 4 - 2 EC Bahia"": 0.1715, ""SE Palmeiras 4 - 3 EC Bahia"": 0.16, ""SE Palmeiras 4 - 4 EC Bahia"": 0.0345, ""SE Palmeiras 4 - 5 EC Bahia"": 0.155, ""SE Palmeiras 5 - 0 EC Bahia"": 0.16, ""SE Palmeiras 5 - 1 EC Bahia"": 0.13, ""SE Palmeiras 5 - 2 EC Bahia"": 0.135, ""SE Palmeiras 5 - 3 EC Bahia"": 0.13, ""SE Palmeiras 5 - 4 EC Bahia"": 0.14, ""SE Palmeiras 5 - 5 EC Bahia"": 0.04}"
brasileirao_serie_a_2026,7277,1085308,2026-10-09 00:30:00,Fluminense,Coritiba,2026-10-04 18:57:11,,,,0.415,0.585,0.5,0.5,0.5,0.5,0.5,0.5,0.5,0.5,"{""Any Other Score"": 0.355, ""Fluminense FC 0 - 0 Coritiba FBC"": 0.045, ""Fluminense FC 0 - 1 Coritiba FBC"": 0.228, ""Fluminense FC 0 - 2 Coritiba FBC"": 0.235, ""Fluminense FC 0 - 3 Coritiba FBC"": 0.0495, ""Fluminense FC 0 - 4 Coritiba FBC"": 0.316, ""Fluminense FC 0 - 5 Coritiba FBC"": 0.295, ""Fluminense FC 1 - 0 Coritiba FBC"": 0.14, ""Fluminense FC 1 - 1 Coritiba FBC"": 0.1, ""Fluminense FC 1 - 2 Coritiba FBC"": 0.234, ""Fluminense FC 1 - 3 Coritiba FBC"": 0.047, ""Fluminense FC 1 - 4 Coritiba FBC"": 0.3475, ""Fluminense FC 1 - 5 Coritiba FBC"": 0.32, ""Fluminense FC 2 - 0 Coritiba FBC"": 0.13, ""Fluminense FC 2 - 1 Coritiba FBC"": 0.1, ""Fluminense FC 2 - 2 Coritiba FBC"": 0.0575, ""Fluminense FC 2 - 3 Coritiba FBC"": 0.0425, ""Fluminense FC 2 - 4 Coritiba FBC"": 0.0495, ""Fluminense FC 2 - 5 Coritiba FBC"": 0.045, ""Fluminense FC 3 - 0 Coritiba FBC"": 0.065, ""Fluminense FC 3 - 1 Coritiba FBC"": 0.04, ""Fluminense FC 3 - 2 Coritiba FBC"": 0.239, ""Fluminense FC 3 - 3 Coritiba FBC"": 0.043, ""Fluminense FC 3 - 4 Coritiba FBC"": 0.336, ""Fluminense FC 3 - 5 Coritiba FBC"": 0.35, ""Fluminense FC 4 - 0 Coritiba FBC"": 0.238, ""Fluminense FC 4 - 1 Coritiba FBC"": 0.238, ""Fluminense FC 4 - 2 Coritiba FBC"": 0.231, ""Fluminense FC 4 - 3 Coritiba FBC"": 0.2395, ""Fluminense FC 4 - 4 Coritiba FBC"": 0.0275, ""Fluminense FC 4 - 5 Coritiba FBC"": 0.375, ""Fluminense FC 5 - 0 Coritiba FBC"": 0.25, ""Fluminense FC 5 - 1 Coritiba FBC"": 0.245, ""Fluminense FC 5 - 2 Coritiba FBC"": 0.365, ""Fluminense FC 5 - 3 Coritiba FBC"": 0.26, ""Fluminense FC 5 - 4 Coritiba FBC"": 0.29, ""Fluminense FC 5 - 5 Coritiba FBC"": 0.04}"
brasileirao_serie_a_2026,7282,1085310,2026-10-08 22:30:00,Santos,Flamengo,2026-10-04 18:57:11,,,,0.415,0.585,0.5,0.5,0.5,0.5,0.5,0.5,0.5,0.5,"{""Any Other Score"": 0.355, ""Santos FC 0 - 0 CR Flamengo"": 0.04, ""Santos FC 0 - 1 CR Flamengo"": 0.11, ""Santos FC 0 - 2 CR Flamengo"": 0.075, ""Santos FC 0 - 3 CR Flamengo"": 0.2345, ""Santos FC 0 - 4 CR Flamengo"": 0.3685, ""Santos FC 0 - 5 CR Flamengo"": 0.375, ""Santos FC 1 - 0 CR Flamengo"": 0.04, ""Santos FC 1 - 1 CR Flamengo"": 0.11, ""Santos FC 1 - 2 CR Flamengo"": 0.1, ""Santos FC 1 - 3 CR Flamengo"": 0.036, ""Santos FC 1 - 4 CR Flamengo"": 0.3675, ""Santos FC 1 - 5 CR Flamengo"": 0.37, ""Santos FC 2 - 0 CR Flamengo"": 0.2385, ""Santos FC 2 - 1 CR Flamengo"": 0.045, ""Santos FC 2 - 2 CR Flamengo"": 0.0345, ""Santos FC 2 - 3 CR Flamengo"": 0.2385, ""Santos FC 2 - 4 CR Flamengo"": 0.3635, ""Santos FC 2 - 5 CR Flamengo"": 0.35, ""Santos FC 3 - 0 CR Flamengo"": 0.0495, ""Santos FC 3 - 1 CR Flamengo"": 0.0485, ""Santos FC 3 - 2 CR Flamengo"": 0.0485, ""Santos FC 3 - 3 CR Flamengo"": 0.049, ""Santos FC 3 - 4 CR Flamengo"": 0.329, ""Santos FC 3 - 5 CR Flamengo"": 0.33, ""Santos FC 4 - 0 CR Flamengo"": 0.2495, ""Santos FC 4 - 1 CR Flamengo"": 0.2495, ""Santos FC 4 - 2 CR Flamengo"": 0.0495, ""Santos FC 4 - 3 CR Flamengo"": 0.2495, ""Santos FC 4 - 4 CR Flamengo"": 0.033, ""Santos FC 4 - 5 CR Flamengo"": 0.375, ""Santos FC 5 - 0 CR Flamengo"": 0.375, ""Santos FC 5 - 1 CR Flamengo"": 0.355, ""Santos FC 5 - 2 CR Flamengo"": 0.0355, ""Santos FC 5 - 3 CR Flamengo"": 0.34, ""Santos FC 5 - 4 CR Flamengo"": 0.3, ""Santos FC 5 - 5 CR Flamengo"": 0.0405}"
